rank_test_macro_f1,mean_test_macro_f1,std_test_macro_f1,mean_test_accuracy,std_test_accuracy,mean_fit_time,param_svm__kernel,param_svm__C,param_svm__gamma,param_svm__class_weight,params
1,0.9441882194539047,0.005050069946575975,0.9485055431416645,0.0023419144854541774,63.94328260421753,rbf,30.0,0.0001,balanced,"{'svm__C': 30, 'svm__class_weight': 'balanced', 'svm__gamma': 0.0001, 'svm__kernel': 'rbf'}"
1,0.9441882194539047,0.005050069946575975,0.9485055431416645,0.0023419144854541774,72.58646857738495,rbf,30.0,0.0001,,"{'svm__C': 30, 'svm__class_weight': None, 'svm__gamma': 0.0001, 'svm__kernel': 'rbf'}"
1,0.9441882194539047,0.005050069946575975,0.9485055431416645,0.0023419144854541774,82.06863844394684,rbf,10.0,0.0001,,"{'svm__C': 10, 'svm__class_weight': None, 'svm__gamma': 0.0001, 'svm__kernel': 'rbf'}"
4,0.9439557044411017,0.0043087852225072165,0.9478700397324348,0.0012825026404466033,74.02743065357208,rbf,10.0,0.0001,balanced,"{'svm__C': 10, 'svm__class_weight': 'balanced', 'svm__gamma': 0.0001, 'svm__kernel': 'rbf'}"
5,0.943049340396131,0.0046784877046703865,0.9482934991126662,0.0029776873280117355,62.93625783920288,linear,0.1,,,"{'svm__C': 0.1, 'svm__class_weight': None, 'svm__kernel': 'linear'}"
5,0.943049340396131,0.0046784877046703865,0.9482934991126662,0.0029776873280117355,62.950382351875305,linear,0.01,,,"{'svm__C': 0.01, 'svm__class_weight': None, 'svm__kernel': 'linear'}"
5,0.943049340396131,0.0046784877046703865,0.9482934991126662,0.0029776873280117355,63.363263845443726,linear,1.0,,balanced,"{'svm__C': 1, 'svm__class_weight': 'balanced', 'svm__kernel': 'linear'}"
5,0.943049340396131,0.0046784877046703865,0.9482934991126662,0.0029776873280117355,63.679505586624146,linear,0.1,,balanced,"{'svm__C': 0.1, 'svm__class_weight': 'balanced', 'svm__kernel': 'linear'}"
5,0.943049340396131,0.0046784877046703865,0.9482934991126662,0.0029776873280117355,63.750483751297,linear,1.0,,,"{'svm__C': 1, 'svm__class_weight': None, 'svm__kernel': 'linear'}"
5,0.943049340396131,0.0046784877046703865,0.9482934991126662,0.0029776873280117355,63.76770627498627,linear,0.01,,balanced,"{'svm__C': 0.01, 'svm__class_weight': 'balanced', 'svm__kernel': 'linear'}"
5,0.943049340396131,0.0046784877046703865,0.9482934991126662,0.0029776873280117355,77.15368914604187,linear,10.0,,,"{'svm__C': 10, 'svm__class_weight': None, 'svm__kernel': 'linear'}"
5,0.943049340396131,0.0046784877046703865,0.9482934991126662,0.0029776873280117355,77.18045449256897,linear,30.0,,,"{'svm__C': 30, 'svm__class_weight': None, 'svm__kernel': 'linear'}"
5,0.943049340396131,0.0046784877046703865,0.9482934991126662,0.0029776873280117355,77.97764527797699,linear,30.0,,balanced,"{'svm__C': 30, 'svm__class_weight': 'balanced', 'svm__kernel': 'linear'}"
5,0.943049340396131,0.0046784877046703865,0.9482934991126662,0.0029776873280117355,78.24067378044128,linear,10.0,,balanced,"{'svm__C': 10, 'svm__class_weight': 'balanced', 'svm__kernel': 'linear'}"
15,0.9197380829287068,0.0009288074345151776,0.9402410350550722,0.002555575114419395,92.22260367870331,rbf,30.0,scale,balanced,"{'svm__C': 30, 'svm__class_weight': 'balanced', 'svm__gamma': 'scale', 'svm__kernel': 'rbf'}"
15,0.9197380829287068,0.0009288074345151776,0.9402410350550722,0.002555575114419395,100.06362044811249,rbf,10.0,scale,,"{'svm__C': 10, 'svm__class_weight': None, 'svm__gamma': 'scale', 'svm__kernel': 'rbf'}"
15,0.9197380829287068,0.0009288074345151776,0.9402410350550722,0.002555575114419395,104.486004114151,rbf,10.0,scale,balanced,"{'svm__C': 10, 'svm__class_weight': 'balanced', 'svm__gamma': 'scale', 'svm__kernel': 'rbf'}"
15,0.9197380829287068,0.0009288074345151776,0.9402410350550722,0.002555575114419395,110.23256385326385,rbf,30.0,scale,,"{'svm__C': 30, 'svm__class_weight': None, 'svm__gamma': 'scale', 'svm__kernel': 'rbf'}"
19,0.9103522801311903,0.006003186472766153,0.9196849785531072,0.006586207887570861,113.06671392917633,rbf,1.0,scale,balanced,"{'svm__C': 1, 'svm__class_weight': 'balanced', 'svm__gamma': 'scale', 'svm__kernel': 'rbf'}"
20,0.9059055446064996,0.0063543092132244405,0.8876873459739476,0.0034143489413066552,117.76158559322357,rbf,1.0,0.0001,balanced,"{'svm__C': 1, 'svm__class_weight': 'balanced', 'svm__gamma': 0.0001, 'svm__kernel': 'rbf'}"
21,0.8923284385932215,0.005367523330390533,0.9165080901847235,0.0016775817101472024,104.59532487392426,rbf,30.0,0.001,balanced,"{'svm__C': 30, 'svm__class_weight': 'balanced', 'svm__gamma': 0.001, 'svm__kernel': 'rbf'}"
21,0.8923284385932215,0.005367523330390533,0.9165080901847235,0.0016775817101472024,120.17338633537292,rbf,10.0,0.001,balanced,"{'svm__C': 10, 'svm__class_weight': 'balanced', 'svm__gamma': 0.001, 'svm__kernel': 'rbf'}"
21,0.8923284385932215,0.005367523330390533,0.9165080901847235,0.0016775817101472024,127.25494813919067,rbf,30.0,0.001,,"{'svm__C': 30, 'svm__class_weight': None, 'svm__gamma': 0.001, 'svm__kernel': 'rbf'}"
21,0.8923284385932215,0.005367523330390533,0.9165080901847235,0.0016775817101472024,130.72270846366882,rbf,10.0,0.001,,"{'svm__C': 10, 'svm__class_weight': None, 'svm__gamma': 0.001, 'svm__kernel': 'rbf'}"
25,0.8841681154557719,0.004951453003166795,0.8948932505155158,0.0012491827189055615,131.68552601337433,rbf,1.0,0.001,balanced,"{'svm__C': 1, 'svm__class_weight': 'balanced', 'svm__gamma': 0.001, 'svm__kernel': 'rbf'}"
26,0.872316597302375,0.016243617971877955,0.908456164993785,0.0046426056717511766,157.55876886844635,rbf,1.0,0.001,,"{'svm__C': 1, 'svm__class_weight': None, 'svm__gamma': 0.001, 'svm__kernel': 'rbf'}"
27,0.871016110349497,0.017568177878700464,0.9296460184939036,0.00043872726880822555,131.0337438583374,rbf,1.0,scale,,"{'svm__C': 1, 'svm__class_weight': None, 'svm__gamma': 'scale', 'svm__kernel': 'rbf'}"
28,0.6575320495108102,0.004995964690115984,0.8622602941493451,0.006328090759514571,85.47033154964447,rbf,1.0,0.0001,,"{'svm__C': 1, 'svm__class_weight': None, 'svm__gamma': 0.0001, 'svm__kernel': 'rbf'}"
