Trial,Image No.,Filename,Actual Class,Actual Sign,Predicted Class,Predicted Sign,Correct,Status,Error,HOG Matches Saved Features,Within 2 Seconds,Image Loading Time (s),ROI Segmentation Time (s),HOG Extraction Time (s),Feature Scaling Time (s),LR Prediction Time (s),End-to-End Time (s)
1,1,001_0004.png,1,Speed limit fifteen kilometers per hour,1,Speed limit fifteen kilometers per hour,True,Success,,True,True,0.0007928999839350581,0.004325999994762242,0.003989900025771931,0.0006807000027038157,0.0013953999732621014,0.011184899980435148
1,2,002_0036.png,2,Speed limit thirty kilometers per hour,2,Speed limit thirty kilometers per hour,True,Success,,True,True,0.004721300007076934,0.021042600012151524,0.006158000003779307,0.0009086999925784767,0.001438899984350428,0.03426949999993667
1,3,005_0030.png,5,Speed limit sixty kilometers per hour,5,Speed limit sixty kilometers per hour,True,Success,,True,True,0.0015491000085603446,0.014784200000576675,0.004518300003837794,0.005214199976762757,0.0013485000235959888,0.02741430001333356
1,4,020_0003.png,20,Go straight or right,20,Go straight or right,True,Success,,True,True,0.0018652999715413898,0.01634970001759939,0.004255400010151789,0.0008728999819140881,0.0017757000168785453,0.0251189999980852
1,5,020_0004.png,20,Go straight or right,20,Go straight or right,True,Success,,True,True,0.0021455000096466392,0.013919499993789941,0.005209499999182299,0.0006843000010121614,0.0015030000067781657,0.023461800010409206
1,6,020_0006.png,20,Go straight or right,20,Go straight or right,True,Success,,True,True,0.0027463000151328743,0.031769099994562566,0.004361100000096485,0.0006893000099807978,0.001417299994500354,0.04098310001427308
1,7,021_0003.png,21,Go straight,21,Go straight,True,Success,,True,True,0.0018800999969244003,0.007087700010742992,0.00395000001299195,0.0006774999783374369,0.0012413999938871711,0.01483669999288395
1,8,021_0002_j.png,21,Go straight,21,Go straight,True,Success,,True,True,0.0016493999864906073,0.01060979999601841,0.003396500018425286,0.0007818999874871224,0.0013711000210605562,0.01780870000948198
1,9,027_0002.png,27,Roundabout mandatory,27,Roundabout mandatory,True,Success,,True,True,0.0019749999919440597,0.010490799992112443,0.003974799998104572,0.00066970000625588,0.0013847000082023442,0.0184949999966193
1,10,031_0011.png,31,Uturn allowed,31,Uturn allowed,True,Success,,True,True,0.001859300013165921,0.007412999984808266,0.004057400015881285,0.0008745999948587269,0.0011613999959081411,0.01536570000462234
1,11,038_0008.png,38,Dangerous curve to the left,38,Dangerous curve to the left,True,Success,,True,True,0.0025830999948084354,0.013318600016646087,0.004037700011394918,0.0005293999856803566,0.0014841000083833933,0.02195290001691319
1,12,042_0002_j.png,42,Slow down,42,Slow down,True,Success,,True,True,0.0017032000178005546,0.00845839999965392,0.004425399994943291,0.0010350999946240336,0.0017074999923352152,0.017329599999357015
1,13,046_0005_j.png,46,Watch for ZigZag Curve,46,Watch for ZigZag Curve,True,Success,,True,True,0.002017799997702241,0.013056099996902049,0.0055235000036191195,0.000830999983008951,0.001208700006827712,0.022637099988060072
1,14,047_0002.png,47,Watch for Trains,47,Watch for Trains,True,Success,,True,True,0.0017739000031724572,0.008069999981671572,0.004860200016992167,0.0006950999959371984,0.0013938999909441918,0.016793099988717586
1,15,047_0005.png,47,Watch for Trains,47,Watch for Trains,True,Success,,True,True,0.004138499993132427,0.03613600000971928,0.005953999992925674,0.0008531000057701021,0.0019147999992128462,0.04899640000076033
1,16,020_0002_j.png,20,Go straight or right,20,Go straight or right,True,Success,,True,True,0.0020062999974470586,0.014402400003746152,0.004813900013687089,0.0009329000022262335,0.0013983999961055815,0.023553900013212115
1,17,021_0004_j.png,21,Go straight,21,Go straight,True,Success,,True,True,0.002202000003308058,0.017655800009379163,0.003920999995898455,0.000679599994327873,0.0012152999988757074,0.025673700001789257
1,18,042_0016_j.png,42,Slow down,42,Slow down,True,Success,,True,True,0.00198090000776574,0.010041899979114532,0.003540900012012571,0.0006505000055767596,0.0011644999904092401,0.017378699994878843
1,19,051_0005_j.png,51,Watch for Heavy Vehicle Accidents,51,Watch for Heavy Vehicle Accidents,True,Success,,True,True,0.0010565999837126583,0.005147400021087378,0.0029357000021263957,0.0004317999992053956,0.0010163999977521598,0.010587900003883988
1,20,057_0003_j.png,57,Stop for check,57,Stop for check,True,Success,,True,True,0.0019558999920263886,0.008152499998686835,0.0029079999949317425,0.0006444000173360109,0.0012277000059839338,0.014888500008964911
1,21,011_0029.png,11,Don't Go Left,11,Don't Go Left,True,Success,,True,True,0.0010038000182248652,0.003277699986938387,0.0037773000076413155,0.00066230000811629,0.0011955999943893403,0.009916700015310198
1,22,013_0013.png,13,Don't Go Right,13,Don't Go Right,True,Success,,True,True,0.0015094999980647117,0.005547799984924495,0.0040151000139303505,0.0006388000037986785,0.0012354000064078718,0.012946600007126108
1,23,021_0004.png,21,Go straight,21,Go straight,True,Success,,True,True,0.0018413000216241926,0.007433299993863329,0.004214799992041662,0.0007001000049058348,0.0012967000075150281,0.015486200019950047
1,24,022_0005.png,22,Go Left,22,Go Left,True,Success,,True,True,0.002058499987469986,0.008056000020587817,0.003117099986411631,0.0006303999980445951,0.001261600002180785,0.015123599994694814
1,25,027_0010.png,27,Roundabout mandatory,27,Roundabout mandatory,True,Success,,True,True,0.0014445999986492097,0.009738199994899333,0.005211899988353252,0.0006615000020246953,0.00142680000863038,0.01848299999255687
1,26,027_0012.png,27,Roundabout mandatory,27,Roundabout mandatory,True,Success,,True,True,0.0015501999878324568,0.0067792000190820545,0.005731899989768863,0.0007560999947600067,0.0019966000108979642,0.016814000002341345
1,27,028_0202.png,28,watch out for cars,28,watch out for cars,True,Success,,True,True,0.0020001000084448606,0.009513900004094467,0.005414599989308044,0.0008074000070337206,0.0015921999874990433,0.019328199996380135
1,28,037_0019.png,37,Watch for Children crossing,37,Watch for Children crossing,True,Success,,True,True,0.0018699999782256782,0.009106900019105524,0.005414599989308044,0.0010244000004604459,0.00184760001138784,0.019263499998487532
1,29,037_0021.png,37,Watch for Children crossing,37,Watch for Children crossing,True,Success,,True,True,0.0012864000163972378,0.007402499992167577,0.005390800011809915,0.0010745000035967678,0.001221099984832108,0.016375300008803606
1,30,040_0011.png,40,Watch for down steep slope,40,Watch for down steep slope,True,Success,,True,True,0.0015301000094041228,0.014374799997312948,0.005415699997683987,0.0009671000007074326,0.0014986000023782253,0.023786300007486716
1,31,048_0004.png,48,Watch for Construction site,48,Watch for Construction site,True,Success,,True,True,0.002770899998722598,0.01731110000400804,0.0038634999946225435,0.0006719999946653843,0.0009840999846346676,0.025601599976653233
1,32,000_1_0002.png,0,Speed limit five kilometers per hour,0,Speed limit five kilometers per hour,True,Success,,True,True,0.0014968999894335866,0.011845700006233528,0.004375399992568418,0.0004788000078406185,0.0009401999996043742,0.019136999995680526
1,33,000_1_0013.png,0,Speed limit five kilometers per hour,0,Speed limit five kilometers per hour,True,Success,,True,True,0.0012288999860174954,0.008624000009149313,0.0035899000067729503,0.0004518000059761107,0.001055899978382513,0.014950499986298382
1,34,000_1_0018.png,0,Speed limit five kilometers per hour,0,Speed limit five kilometers per hour,True,Success,,True,True,0.001962499984074384,0.012877400004072115,0.004087900015292689,0.0005948999896645546,0.001327400008449331,0.020850100001553074
1,35,000_1_0034.png,0,Speed limit five kilometers per hour,0,Speed limit five kilometers per hour,True,Success,,True,True,0.0009185000089928508,0.004044399975100532,0.003984500013757497,0.0007336999988183379,0.0010802999895531684,0.010761399986222386
1,36,001_1_0009.png,1,Speed limit fifteen kilometers per hour,1,Speed limit fifteen kilometers per hour,True,Success,,True,True,0.0017551000055391341,0.010234299988951534,0.003906800004187971,0.0006131000118330121,0.000914999982342124,0.017424299992853776
1,37,002_1_0010.png,2,Speed limit thirty kilometers per hour,2,Speed limit thirty kilometers per hour,True,Success,,True,True,0.0007966999837663025,0.004926800000248477,0.003154800011543557,0.0006273000035434961,0.0011240000021643937,0.010629600001266226
1,38,003_1_0034.png,3,Speed limit fourty kilometers per hour,3,Speed limit fourty kilometers per hour,True,Success,,True,True,0.0011121999996248633,0.002720000018598512,0.0036548000061884522,0.0005687999946530908,0.000994000001810491,0.00904980002087541
1,39,004_1_0020.png,4,Speed limit fifty kilometers per hour,4,Speed limit fifty kilometers per hour,True,Success,,True,True,0.0008111000061035156,0.0038898999919183552,0.00397670001257211,0.0006275000050663948,0.001069399993866682,0.010374600009527057
1,40,005_1_0027.png,5,Speed limit sixty kilometers per hour,5,Speed limit sixty kilometers per hour,True,Success,,True,True,0.0014484999992419034,0.014184600004227832,0.004407899978104979,0.0006825000164099038,0.001426200004061684,0.022149700002046302
1,41,007_1_0006.png,7,Speed limit eighty kilometers per hour,7,Speed limit eighty kilometers per hour,True,Success,,True,True,0.0013113000022713095,0.011783900001319125,0.005727600015234202,0.0006676999910268933,0.001355199987301603,0.020845699997153133
1,42,012_1_0015.png,12,Don't Go Left or Right,12,Don't Go Left or Right,True,Success,,True,True,0.0014814999885857105,0.007303000020328909,0.004512499988777563,0.0010097000049427152,0.001495700009400025,0.015802400012034923
1,43,014_1_0028.png,14,Don't overtake from Left,14,Don't overtake from Left,True,Success,,True,True,0.0017207999771926552,0.008229700004449114,0.004993600014131516,0.0008755000017117709,0.0011987999896518886,0.017018399987136945
1,44,015_1_0001.png,15,No U-turn,15,No U-turn,True,Success,,True,True,0.001924200012581423,0.013584500004071742,0.005675099993823096,0.0007621999830007553,0.0012308000004850328,0.02317679999396205
1,45,016_1_0014.png,16,No Car,16,No Car,True,Success,,True,True,0.0015536999853793532,0.010499900003196672,0.005093700019642711,0.0011031999893020838,0.0013565999979618937,0.019607099995482713
1,46,017_1_0017.png,17,No horn,17,No horn,True,Success,,True,True,0.0015559000021312386,0.011624900012975559,0.0046421999868471175,0.0012447000190149993,0.0013670999906025827,0.020434800011571497
1,47,023_1_0003.png,23,Go Left or right,23,Go Left or right,True,Success,,True,True,0.0010114999895449728,0.005953700019745156,0.003060699993511662,0.0005524000152945518,0.001760699989972636,0.012339000008068979
1,48,023_1_0004.png,23,Go Left or right,23,Go Left or right,True,Success,,True,True,0.001060100010363385,0.005253299983451143,0.004247300006682053,0.0007367999933194369,0.0010956000187434256,0.012393100012559444
1,49,024_1_0016.png,24,Go Right,24,Go Right,True,Success,,True,True,0.0043883000034838915,0.025561199989169836,0.0039898999966681,0.0006131000118330121,0.0012373999925330281,0.03578989999368787
1,50,024_1_0017.png,24,Go Right,24,Go Right,True,Success,,True,True,0.004060900013428181,0.02596090000588447,0.004456299997400492,0.0006010999786667526,0.0012784000136889517,0.03635760000906885
1,51,026_1_0016.png,26,keep Right,26,keep Right,True,Success,,True,True,0.0020087999873794615,0.008619200001703575,0.0038053999887779355,0.0006305000279098749,0.0012740999809466302,0.016337999986717477
1,52,028_1_0007.png,28,watch out for cars,28,watch out for cars,True,Success,,True,True,0.002372899994952604,0.016020999988541007,0.005577800009632483,0.0007803000044077635,0.0013518999912776053,0.026103899988811463
1,53,030_1_0002.png,30,Non-motor vehicle allowed,30,Non-motor vehicle allowed,True,Success,,True,True,0.004495300003327429,0.026716799999121577,0.006230400002095848,0.0005663000047206879,0.001358899986371398,0.03936769999563694
1,54,030_1_0023.png,30,Non-motor vehicle allowed,30,Non-motor vehicle allowed,True,Success,,True,True,0.0017297999875154346,0.007766900002025068,0.0054290000116452575,0.001060499984305352,0.001662199996644631,0.017648399982135743
1,55,032_1_0001_1_j.png,32,Watch for Road Divider,32,Watch for Road Divider,True,Success,,True,True,0.0030196000006981194,0.015874400007305667,0.005721800000173971,0.0008362999942619354,0.0013595000200439245,0.026811600022483617
1,56,032_1_0002_1_j.png,32,Watch for Road Divider,32,Watch for Road Divider,True,Success,,True,True,0.002505799988284707,0.017236000014236197,0.004895799997029826,0.0007895999879110605,0.0014597999979741871,0.026886999985435978
1,57,033_1_0001.png,33,Watch for Traffic signals,33,Watch for Traffic signals,True,Success,,True,True,0.0018734000041149557,0.009241799998562783,0.007266200002050027,0.0005839999939780682,0.0009734999912325293,0.019938899989938363
1,58,034_1_0002.png,34,Danger Ahead,34,Danger Ahead,True,Success,,True,True,0.0010000999900512397,0.004038300015963614,0.003964200004702434,0.000624299980700016,0.0012889000063296407,0.010915799997746944
1,59,034_1_0003_1_j.png,34,Danger Ahead,34,Danger Ahead,True,Success,,True,True,0.0016951999859884381,0.007055900001432747,0.003931799990823492,0.0005950000195298344,0.0012506000057328492,0.01452850000350736
1,60,035_1_0002.png,35,Watch for Zebra Crossing,35,Watch for Zebra Crossing,True,Success,,True,True,0.0013577000063378364,0.008530099992640316,0.0030152000254020095,0.0004923999949824065,0.0009238999919034541,0.014319300011266023
1,61,035_1_0003.png,35,Watch for Zebra Crossing,35,Watch for Zebra Crossing,True,Success,,True,True,0.0014608000055886805,0.005333899985998869,0.004174000001512468,0.0006742000114172697,0.001268099993467331,0.012910999997984618
1,62,035_1_0004.png,35,Watch for Zebra Crossing,35,Watch for Zebra Crossing,True,Success,,True,True,0.002096899988828227,0.007711100013693795,0.003991600009612739,0.0006799999973736703,0.001150299998698756,0.015629900008207187
1,63,037_1_0009.png,37,Watch for Children crossing,37,Watch for Children crossing,True,Success,,True,True,0.001951399986864999,0.01175500001409091,0.0031307000026572496,0.000612599978921935,0.0009189000120386481,0.018368599994573742
1,64,043_1_0021.png,43,Go right or straight,43,Go right or straight,True,Success,,True,True,0.0026144000003114343,0.013362400000914931,0.0036047000030521303,0.0005740999768022448,0.0009723000111989677,0.02112789999227971
1,65,045_1_0004.png,45,Near the village,45,Near the village,True,Success,,True,True,0.0013982999953441322,0.009537300007650629,0.003439399995841086,0.0006550999823957682,0.0012258000206202269,0.016255900001851842
1,66,045_1_0009.png,45,Near the village,45,Near the village,True,Success,,True,True,0.0014936999941710383,0.012615200015716255,0.004686500004027039,0.0009020999714266509,0.0012567000230774283,0.02095420000841841
1,67,047_1_0003.png,47,Watch for Trains,47,Watch for Trains,True,Success,,True,True,0.0011608999921008945,0.006184099998790771,0.004222199990181252,0.0005476000078488141,0.0010118999925907701,0.013126699981512502
1,68,049_1_0010.png,49,Watch for consecutive turnings,49,Watch for consecutive turnings,True,Success,,True,True,0.0015487000055145472,0.008217700000386685,0.005562200007261708,0.0009267000132240355,0.0012003999727312475,0.017455699999118224
1,69,050_1_0003.png,50,Watch for fences,50,Watch for fences,True,Success,,True,True,0.003519999998388812,0.03322209999896586,0.005751400021836162,0.0008525000012014061,0.0016202999977394938,0.04496630001813173
1,70,055_1_0031.png,55,No entry,55,No entry,True,Success,,True,True,0.002444100013235584,0.012264499993762001,0.005562299978919327,0.0007144000264815986,0.0017783999792300165,0.022763699991628528
1,71,056_1_0010.png,56,Slow down to yield,56,Slow down to yield,True,Success,,True,True,0.0029715000127907842,0.01778540000668727,0.0041763999906834215,0.00041390000842511654,0.0010028999822679907,0.02635010000085458
1,72,008_1_0008_1_j.png,8,Don't Go straight or left,8,Don't Go straight or left,True,Success,,True,True,0.0018395999795757234,0.007280400022864342,0.003984199982369319,0.0006407000182662159,0.0011543000000528991,0.014899200003128499
1,73,023_1_0002_1_j.png,23,Go Left or right,23,Go Left or right,True,Success,,True,True,0.0021166999940760434,0.010851500002900138,0.003298499999800697,0.0005845999985467643,0.001107400021282956,0.0179587000166066
1,74,030_1_0018_1_j.png,30,Non-motor vehicle allowed,30,Non-motor vehicle allowed,True,Success,,True,True,0.0021206999954301864,0.011379200004739687,0.004433499998413026,0.0006064999906811863,0.0011801999935414642,0.01972009998280555
1,75,052_1_0008_1_j.png,52,Stop to yield,52,Stop to yield,True,Success,,True,True,0.0025616000057198107,0.014286899997387081,0.004849899996770546,0.0009394999942742288,0.0015552999975625426,0.02419319999171421
1,76,010_1_0013.png,10,Don't Go straight,10,Don't Go straight,True,Success,,True,True,0.0015536000137217343,0.008501900010742247,0.0054601999872829765,0.0007762000022921711,0.0013134999899193645,0.017605400003958493
1,77,011_1_0019.png,11,Don't Go Left,11,Don't Go Left,True,Success,,True,True,0.0036198000016156584,0.018932999984826893,0.005871400004252791,0.0008221000025514513,0.0011943000135943294,0.030440600006841123
1,78,023_1_0005.png,23,Go Left or right,23,Go Left or right,True,Success,,True,True,0.0024341999960597605,0.014778900018427521,0.00597969998489134,0.0007134000188671052,0.0017462999967392534,0.02565250001498498
1,79,028_1_0216.png,28,watch out for cars,28,watch out for cars,True,Success,,True,True,0.0032374000002164394,0.018590099993161857,0.0056770999799482524,0.0008318000182043761,0.001362899987725541,0.029699299979256466
1,80,029_1_0015.png,29,Horn,29,Horn,True,Success,,True,True,0.0025498000031802803,0.01111210000817664,0.004353900003479794,0.0006199000054039061,0.0012987999944016337,0.019934500014642254
1,81,031_1_0020.png,31,Uturn allowed,31,Uturn allowed,True,Success,,True,True,0.005157400009920821,0.02948399999877438,0.004500699986238033,0.0005859000084456056,0.0010448000102769583,0.0407728000136558
1,82,036_1_0014.png,36,Watch for non-motor vehicle,36,Watch for non-motor vehicle,True,Success,,True,True,0.00232910001068376,0.015557200007606298,0.0041602999845054,0.0006296999927144498,0.0011578999983612448,0.023834199993871152
1,83,036_1_0016.png,36,Watch for non-motor vehicle,36,Watch for non-motor vehicle,True,Success,,True,True,0.0011654999980237335,0.00912090000929311,0.004032299999380484,0.0006280000088736415,0.0011177999840583652,0.016064499999629334
1,84,036_1_0019.png,36,Watch for non-motor vehicle,36,Watch for non-motor vehicle,True,Success,,True,True,0.0008410000009462237,0.004643099993700162,0.004084099986357614,0.0006779000104870647,0.0011673000117298216,0.011413400003220886
2,1,001_0004.png,1,Speed limit fifteen kilometers per hour,1,Speed limit fifteen kilometers per hour,True,Success,,True,True,0.0010399000020697713,0.0035022000083699822,0.0036504999734461308,0.0005905000143684447,0.0014426000125240535,0.010225700010778382
2,2,002_0036.png,2,Speed limit thirty kilometers per hour,2,Speed limit thirty kilometers per hour,True,Success,,True,True,0.0031651000026613474,0.017887699999846518,0.005017299990868196,0.0004780000017490238,0.0011989000195171684,0.027747000014642254
2,3,005_0030.png,5,Speed limit sixty kilometers per hour,5,Speed limit sixty kilometers per hour,True,Success,,True,True,0.0014764999796170741,0.013767600001301616,0.005423599999630824,0.0011562000145204365,0.0015415000088978559,0.023365400003967807
2,4,020_0003.png,20,Go straight or right,20,Go straight or right,True,Success,,True,True,0.002453699999023229,0.02037230000132695,0.005873899994185194,0.0008172999951057136,0.0011978000111412257,0.03071500000078231
2,5,020_0004.png,20,Go straight or right,20,Go straight or right,True,Success,,True,True,0.0019343000021763146,0.013499399996362627,0.005029199994169176,0.0008632999961264431,0.0013214000209700316,0.02264760000980459
2,6,020_0006.png,20,Go straight or right,20,Go straight or right,True,Success,,True,True,0.0046424999891314656,0.036541700013913214,0.00666579999960959,0.0006575000006705523,0.0013877000019419938,0.049895200005266815
2,7,021_0003.png,21,Go straight,21,Go straight,True,Success,,True,True,0.001800600002752617,0.008119000005535781,0.003978599997935817,0.0006527999939862639,0.0012391000054776669,0.015790100005688146
2,8,021_0002_j.png,21,Go straight,21,Go straight,True,Success,,True,True,0.0016228999884333462,0.010139499994693324,0.0043126000091433525,0.0006556999869644642,0.0012190999987069517,0.01794979997794144
2,9,027_0002.png,27,Roundabout mandatory,27,Roundabout mandatory,True,Success,,True,True,0.0021804000134579837,0.011708899983204901,0.003972300008172169,0.000597700010985136,0.0012123999767936766,0.019671699992613867
2,10,031_0011.png,31,Uturn allowed,31,Uturn allowed,True,Success,,True,True,0.0018007000035140663,0.008162899990566075,0.004103899991605431,0.0006216000183485448,0.0011178999848198146,0.01580699998885393
2,11,038_0008.png,38,Dangerous curve to the left,38,Dangerous curve to the left,True,Success,,True,True,0.002458699978888035,0.01297010001144372,0.003973899991251528,0.0006692000024486333,0.0011691999970935285,0.021241099981125444
2,12,042_0002_j.png,42,Slow down,42,Slow down,True,Success,,True,True,0.002150600019376725,0.010673099983250722,0.003755999990971759,0.0006707000138703734,0.001217399985762313,0.018467799993231893
2,13,046_0005_j.png,46,Watch for ZigZag Curve,46,Watch for ZigZag Curve,True,Success,,True,True,0.0017706999788060784,0.010573800012934953,0.005780399980721995,0.0008724000072106719,0.001282500015804544,0.020279799995478243
2,14,047_0002.png,47,Watch for Trains,47,Watch for Trains,True,Success,,True,True,0.0017222000169567764,0.00900819999515079,0.0053743000025860965,0.0008560999995097518,0.0016017000016290694,0.018562500015832484
2,15,047_0005.png,47,Watch for Trains,47,Watch for Trains,True,Success,,True,True,0.004973900009645149,0.037944599986076355,0.005257900018477812,0.001170099974842742,0.001248600019607693,0.05059510000864975
2,16,020_0002_j.png,20,Go straight or right,20,Go straight or right,True,Success,,True,True,0.0013204999850131571,0.014334900013636798,0.005236299999523908,0.0008385000110138208,0.0012054999824613333,0.022935699991649017
2,17,021_0004_j.png,21,Go straight,21,Go straight,True,Success,,True,True,0.002684100007172674,0.02036470000166446,0.003622799995355308,0.0006495999987237155,0.0012577000015880913,0.02857890000450425
2,18,042_0016_j.png,42,Slow down,42,Slow down,True,Success,,True,True,0.001822199992602691,0.009752699988894165,0.003232300019590184,0.0004243000003043562,0.0010232999920845032,0.0162547999934759
2,19,051_0005_j.png,51,Watch for Heavy Vehicle Accidents,51,Watch for Heavy Vehicle Accidents,True,Success,,True,True,0.0014227999781724066,0.005922300013480708,0.0036087000044062734,0.0006373999931383878,0.0012009000056423247,0.0127920999948401
2,20,057_0003_j.png,57,Stop for check,57,Stop for check,True,Success,,True,True,0.0019992000015918165,0.007643699995242059,0.003758700011530891,0.0006559999892488122,0.001111799996579066,0.015169399994192645
2,21,011_0029.png,11,Don't Go Left,11,Don't Go Left,True,Success,,True,True,0.0009612000139895827,0.003829799999948591,0.004154999973252416,0.0005567000189330429,0.0011380999931134284,0.01064079999923706
2,22,013_0013.png,13,Don't Go Right,13,Don't Go Right,True,Success,,True,True,0.0014435999910347164,0.0049189999990630895,0.004213300009723753,0.0005982999864500016,0.0011397000052966177,0.012313899991568178
2,23,021_0004.png,21,Go straight,21,Go straight,True,Success,,True,True,0.00179720000596717,0.006553000013809651,0.00410399999236688,0.0007093999884091318,0.0012544000055640936,0.014418000006116927
2,24,022_0005.png,22,Go Left,22,Go Left,True,Success,,True,True,0.0019272000063210726,0.007028599997283891,0.004074900003615767,0.000670300010824576,0.0012789999891538173,0.014980000007199124
2,25,027_0010.png,27,Roundabout mandatory,27,Roundabout mandatory,True,Success,,True,True,0.0014096999948378652,0.01315210000029765,0.0029569999896921217,0.0005838999932166189,0.0011681000178214163,0.019270799995865673
2,26,027_0012.png,27,Roundabout mandatory,27,Roundabout mandatory,True,Success,,True,True,0.0016414000128861517,0.007465999980922788,0.005739300017012283,0.0008498999814037234,0.0011483000125735998,0.016844900004798546
2,27,028_0202.png,28,watch out for cars,28,watch out for cars,True,Success,,True,True,0.001052100007655099,0.009177799976896495,0.005959900008747354,0.0008627999923191965,0.0010745000035967678,0.018127099989214912
2,28,037_0019.png,37,Watch for Children crossing,37,Watch for Children crossing,True,Success,,True,True,0.0018694000027608126,0.00948070001322776,0.005255800002487376,0.0006898999854456633,0.001771000010194257,0.01906680001411587
2,29,037_0021.png,37,Watch for Children crossing,37,Watch for Children crossing,True,Success,,True,True,0.0018545000057201833,0.006458599993493408,0.005248500005109236,0.0008139999990817159,0.0016083999944385141,0.015983999997843057
2,30,040_0011.png,40,Watch for down steep slope,40,Watch for down steep slope,True,Success,,True,True,0.0026706000207923353,0.015001499996287748,0.005466400005389005,0.0007803999760653824,0.0012620000052265823,0.025180900003761053
2,31,048_0004.png,48,Watch for Construction site,48,Watch for Construction site,True,Success,,True,True,0.0020736000151373446,0.022364300006302074,0.005976199987344444,0.0006485999911092222,0.0010423000203445554,0.03210500002023764
2,32,000_1_0002.png,0,Speed limit five kilometers per hour,0,Speed limit five kilometers per hour,True,Success,,True,True,0.0015331000031437725,0.013179999979911372,0.003851500019663945,0.0006226999976206571,0.0011992999934591353,0.020386599993798882
2,33,000_1_0013.png,0,Speed limit five kilometers per hour,0,Speed limit five kilometers per hour,True,Success,,True,True,0.0023523000127170235,0.01179069999489002,0.004228100006002933,0.0007150000019464642,0.0011974999797530472,0.020283599995309487
2,34,000_1_0018.png,0,Speed limit five kilometers per hour,0,Speed limit five kilometers per hour,True,Success,,True,True,0.0029744000057689846,0.01538510000682436,0.004349700000602752,0.0006036999984644353,0.0012341999972704798,0.02454710000893101
2,35,000_1_0034.png,0,Speed limit five kilometers per hour,0,Speed limit five kilometers per hour,True,Success,,True,True,0.0009601999772712588,0.0033042000140994787,0.0024842999991960824,0.00040270001045428216,0.00106229999801144,0.008213699999032542
2,36,001_1_0009.png,1,Speed limit fifteen kilometers per hour,1,Speed limit fifteen kilometers per hour,True,Success,,True,True,0.0017835999897215515,0.010579200024949387,0.0041179999825544655,0.0006857000116724521,0.0012889000063296407,0.018455400015227497
2,37,002_1_0010.png,2,Speed limit thirty kilometers per hour,2,Speed limit thirty kilometers per hour,True,Success,,True,True,0.0008397999918088317,0.004968699999153614,0.004113600007258356,0.0006655000033788383,0.0012347999727353454,0.011822399974334985
2,38,003_1_0034.png,3,Speed limit fourty kilometers per hour,3,Speed limit fourty kilometers per hour,True,Success,,True,True,0.001052799983881414,0.003351000021211803,0.0041071999876294285,0.0006156000017654151,0.001143500005127862,0.010270099999615923
2,39,004_1_0020.png,4,Speed limit fifty kilometers per hour,4,Speed limit fifty kilometers per hour,True,Success,,True,True,0.0011036000214517117,0.004541499976767227,0.005004300008295104,0.0008285999938379973,0.0013801000022795051,0.012858100002631545
2,40,005_1_0027.png,5,Speed limit sixty kilometers per hour,5,Speed limit sixty kilometers per hour,True,Success,,True,True,0.002527399978134781,0.01725490001263097,0.005767299997387454,0.0004692999937105924,0.001191100018331781,0.027210000000195578
2,41,007_1_0006.png,7,Speed limit eighty kilometers per hour,7,Speed limit eighty kilometers per hour,True,Success,,True,True,0.0017736000008881092,0.012303499999688938,0.00599020000663586,0.0006417999975383282,0.00184009998338297,0.022549199988134205
2,42,012_1_0015.png,12,Don't Go Left or Right,12,Don't Go Left or Right,True,Success,,True,True,0.001476600009482354,0.0076135999988764524,0.005930399987846613,0.0006235000037122518,0.001348999998299405,0.016993099998217076
2,43,014_1_0028.png,14,Don't overtake from Left,14,Don't overtake from Left,True,Success,,True,True,0.001517600001534447,0.007929299987154081,0.005423700000392273,0.0012054000108037144,0.0013147999998182058,0.017390799999702722
2,44,015_1_0001.png,15,No U-turn,15,No U-turn,True,Success,,True,True,0.0018096999847330153,0.009404900018125772,0.003955099993618205,0.0006061999883968383,0.0008734000148251653,0.016649299999698997
2,45,016_1_0014.png,16,No Car,16,No Car,True,Success,,True,True,0.0012589000107254833,0.009601799974916503,0.005840800004079938,0.0005218000151216984,0.0010584999981801957,0.018281800003023818
2,46,017_1_0017.png,17,No horn,17,No horn,True,Success,,True,True,0.0014928999880794436,0.009620600001653656,0.003537899989169091,0.0004185000143479556,0.001080499991076067,0.016150399984326214
2,47,023_1_0003.png,23,Go Left or right,23,Go Left or right,True,Success,,True,True,0.0010161999962292612,0.005485200003022328,0.004500900016864762,0.0007126999844331294,0.0011673000117298216,0.012882300012279302
2,48,023_1_0004.png,23,Go Left or right,23,Go Left or right,True,Success,,True,True,0.000980499986326322,0.0053604000131599605,0.003873100009514019,0.0006175999878905714,0.001178800011985004,0.012010400008875877
2,49,024_1_0016.png,24,Go Right,24,Go Right,True,Success,,True,True,0.0043052000110037625,0.02598419997957535,0.00466700000106357,0.0006950000242795795,0.0010606999858282506,0.036712100001750514
2,50,024_1_0017.png,24,Go Right,24,Go Right,True,Success,,True,True,0.004043799999635667,0.024871300003724173,0.004065799992531538,0.0005028999876230955,0.0009143000061158091,0.03439809998963028
2,51,026_1_0016.png,26,keep Right,26,keep Right,True,Success,,True,True,0.0013371999957598746,0.008507999998982996,0.004451100016012788,0.0007986999989952892,0.0010970000002998859,0.016192000010050833
2,52,028_1_0007.png,28,watch out for cars,28,watch out for cars,True,Success,,True,True,0.0026316000148653984,0.017810999997891486,0.004821499984245747,0.0008482999983243644,0.0014998000115156174,0.027612200006842613
2,53,030_1_0002.png,30,Non-motor vehicle allowed,30,Non-motor vehicle allowed,True,Success,,True,True,0.0032152000057976693,0.022206699999514967,0.005130199977429584,0.0007520000217482448,0.0013571000017691404,0.032661200006259605
2,54,030_1_0023.png,30,Non-motor vehicle allowed,30,Non-motor vehicle allowed,True,Success,,True,True,0.0014565000019501895,0.00863929998013191,0.005493900011060759,0.0007657000096514821,0.0014176999975461513,0.01777310000034049
2,55,032_1_0001_1_j.png,32,Watch for Road Divider,32,Watch for Road Divider,True,Success,,True,True,0.0022228000161703676,0.015646399988327175,0.004120500001590699,0.0008443999977316707,0.0013426000077743083,0.02417670001159422
2,56,032_1_0002_1_j.png,32,Watch for Road Divider,32,Watch for Road Divider,True,Success,,True,True,0.0022573000169359148,0.01221289997920394,0.004080200014868751,0.0006477999850176275,0.001275400019949302,0.020473600015975535
2,57,033_1_0001.png,33,Watch for Traffic signals,33,Watch for Traffic signals,True,Success,,True,True,0.0022773999953642488,0.00908079999499023,0.004190800013020635,0.0005859999801032245,0.0011304999934509397,0.017265499976929277
2,58,034_1_0002.png,34,Danger Ahead,34,Danger Ahead,True,Success,,True,True,0.0015481000009458512,0.005472899996675551,0.0037700999819207937,0.0005393000028561801,0.001033600012306124,0.0123639999947045
2,59,034_1_0003_1_j.png,34,Danger Ahead,34,Danger Ahead,True,Success,,True,True,0.0017612999945413321,0.007391899998765439,0.0038505000120494515,0.0005502999993041158,0.0011847999994643033,0.014738800004124641
2,60,035_1_0002.png,35,Watch for Zebra Crossing,35,Watch for Zebra Crossing,True,Success,,True,True,0.0015343000122811645,0.008017799991648644,0.0035849999985657632,0.0005554000090342015,0.0010920999920926988,0.014784600003622472
2,61,035_1_0003.png,35,Watch for Zebra Crossing,35,Watch for Zebra Crossing,True,Success,,True,True,0.0014401000225916505,0.0049510999815538526,0.004093800002010539,0.0005714000144507736,0.0010971000010613352,0.012153500021668151
2,62,035_1_0004.png,35,Watch for Zebra Crossing,35,Watch for Zebra Crossing,True,Success,,True,True,0.0021641000057570636,0.007968799996888265,0.003876800008583814,0.0005843999970238656,0.0011146999895572662,0.015708799997810274
2,63,037_1_0009.png,37,Watch for Children crossing,37,Watch for Children crossing,True,Success,,True,True,0.002042199979769066,0.010692300013033673,0.0037539000040851533,0.0005734000005759299,0.0010984999826177955,0.018160299980081618
2,64,043_1_0021.png,43,Go right or straight,43,Go right or straight,True,Success,,True,True,0.0028876999858766794,0.017227300006197765,0.0040028000075835735,0.000596500001847744,0.0011714999855030328,0.025885799987008795
2,65,045_1_0004.png,45,Near the village,45,Near the village,True,Success,,True,True,0.002031000010902062,0.008861200010869652,0.0041739000007510185,0.0005849000008311123,0.001126299990573898,0.016777300013927743
2,66,045_1_0009.png,45,Near the village,45,Near the village,True,Success,,True,True,0.001789500005543232,0.010554100008448586,0.004072599986102432,0.00058230001013726,0.00111859999014996,0.01811710000038147
2,67,047_1_0003.png,47,Watch for Trains,47,Watch for Trains,True,Success,,True,True,0.0017728999955579638,0.005084100004751235,0.0037206000124569982,0.0005786999827250838,0.001109600008931011,0.012265900004422292
2,68,049_1_0010.png,49,Watch for consecutive turnings,49,Watch for consecutive turnings,True,Success,,True,True,0.0014642000023741275,0.006101999984821305,0.002787200006423518,0.0005715999868698418,0.001123499998357147,0.012048499978845939
2,69,050_1_0003.png,50,Watch for fences,50,Watch for fences,True,Success,,True,True,0.002977099997224286,0.02356030000373721,0.004009099997347221,0.0005836000200361013,0.0010787000064738095,0.03220880002481863
2,70,055_1_0031.png,55,No entry,55,No entry,True,Success,,True,True,0.0018973000114783645,0.009957299975212663,0.003940599999623373,0.000648700020974502,0.0010914999875240028,0.017535399994812906
2,71,056_1_0010.png,56,Slow down to yield,56,Slow down to yield,True,Success,,True,True,0.002818699984345585,0.017629300011321902,0.004023699992103502,0.0008003000111784786,0.0010219999821856618,0.02629399998113513
2,72,008_1_0008_1_j.png,8,Don't Go straight or left,8,Don't Go straight or left,True,Success,,True,True,0.0018060999864246696,0.006193000008352101,0.004208800004562363,0.000668499997118488,0.0012996000004932284,0.01417599999695085
2,73,023_1_0002_1_j.png,23,Go Left or right,23,Go Left or right,True,Success,,True,True,0.002009299991186708,0.009781900007510558,0.004484400007640943,0.0006116999720688909,0.0012392000062391162,0.018126499984646216
2,74,030_1_0018_1_j.png,30,Non-motor vehicle allowed,30,Non-motor vehicle allowed,True,Success,,True,True,0.00199280001106672,0.010585099982563406,0.003659900015918538,0.0005987999902572483,0.0011660000018309802,0.018002600001636893
2,75,052_1_0008_1_j.png,52,Stop to yield,52,Stop to yield,True,Success,,True,True,0.0025129999849013984,0.014565499994205311,0.0039416000072378665,0.0006273000035434961,0.0012103999906685203,0.022857799980556592
2,76,010_1_0013.png,10,Don't Go straight,10,Don't Go straight,True,Success,,True,True,0.0016662999987602234,0.005928600003244355,0.004029299976537004,0.0006256000197026879,0.0012506000057328492,0.01350040000397712
2,77,011_1_0019.png,11,Don't Go Left,11,Don't Go Left,True,Success,,True,True,0.0028917999879922718,0.014781200006837025,0.003922900010365993,0.0006030999938957393,0.001145699992775917,0.023344699991866946
2,78,023_1_0005.png,23,Go Left or right,23,Go Left or right,True,Success,,True,True,0.0021207999961916357,0.011575899989111349,0.0031233000045176595,0.0006255999905988574,0.0012892000086139888,0.01873479998903349
2,79,028_1_0216.png,28,watch out for cars,28,watch out for cars,True,Success,,True,True,0.002713699999731034,0.014671399985672906,0.003990500001236796,0.0006571000267285854,0.0011058999807573855,0.023138599994126707
2,80,029_1_0015.png,29,Horn,29,Horn,True,Success,,True,True,0.001973100006580353,0.011003399995388463,0.00358550000237301,0.0005778000049758703,0.0011608999921008945,0.01830070000141859
2,81,031_1_0020.png,31,Uturn allowed,31,Uturn allowed,True,Success,,True,True,0.004811799997696653,0.02714579997700639,0.004455400019651279,0.0005930000043008476,0.001201699982630089,0.03820769998128526
2,82,036_1_0014.png,36,Watch for non-motor vehicle,36,Watch for non-motor vehicle,True,Success,,True,True,0.00287430000025779,0.016472799994517118,0.004137100011575967,0.0006107999943196774,0.0012215000169817358,0.025316500017652288
2,83,036_1_0016.png,36,Watch for non-motor vehicle,36,Watch for non-motor vehicle,True,Success,,True,True,0.0017609999922569841,0.009296200005337596,0.004279099986888468,0.0006496999994851649,0.0012315000058151782,0.01721749998978339
2,84,036_1_0019.png,36,Watch for non-motor vehicle,36,Watch for non-motor vehicle,True,Success,,True,True,0.001327700010733679,0.004720600001746789,0.0057400999940000474,0.0008007999858818948,0.001336900022579357,0.013926100014941767
3,1,001_0004.png,1,Speed limit fifteen kilometers per hour,1,Speed limit fifteen kilometers per hour,True,Success,,True,True,0.0007110000005923212,0.004063100001076236,0.0058376999804750085,0.0009953000117093325,0.0013663000136148185,0.012973400007467717
3,2,002_0036.png,2,Speed limit thirty kilometers per hour,2,Speed limit thirty kilometers per hour,True,Success,,True,True,0.003478700004052371,0.020825099985813722,0.006197900016559288,0.0009865000029094517,0.0015618999896105379,0.03305009999894537
3,3,005_0030.png,5,Speed limit sixty kilometers per hour,5,Speed limit sixty kilometers per hour,True,Success,,True,True,0.0016733999946154654,0.015062599995872006,0.0038920000079087913,0.0009092999971471727,0.0012523999903351068,0.022789699985878542
3,4,020_0003.png,20,Go straight or right,20,Go straight or right,True,Success,,True,True,0.002733400004217401,0.021130000008270144,0.005190199997741729,0.0007511999865528196,0.0013953000016044825,0.031200099998386577
3,5,020_0004.png,20,Go straight or right,20,Go straight or right,True,Success,,True,True,0.002527899981942028,0.014785600011236966,0.005691300000762567,0.000911299983272329,0.0014211000234354287,0.025337200000649318
3,6,020_0006.png,20,Go straight or right,20,Go straight or right,True,Success,,True,True,0.004478300019400194,0.0339889999886509,0.004008899995824322,0.0006476000125985593,0.0012187999964226037,0.04434260001289658
3,7,021_0003.png,21,Go straight,21,Go straight,True,Success,,True,True,0.0014085000148043036,0.0052930999954696745,0.0038343000051099807,0.0006136999872978777,0.0013629999884869903,0.012512599991168827
3,8,021_0002_j.png,21,Go straight,21,Go straight,True,Success,,True,True,0.0016534000169485807,0.009991600003559142,0.004274699982488528,0.0006507000070996583,0.0010409000096842647,0.017611300019780174
3,9,027_0002.png,27,Roundabout mandatory,27,Roundabout mandatory,True,Success,,True,True,0.0020425000111572444,0.011619700002484024,0.003919999988283962,0.0005858000076841563,0.001187499990919605,0.01935550000052899
3,10,031_0011.png,31,Uturn allowed,31,Uturn allowed,True,Success,,True,True,0.001802100014174357,0.008245499979238957,0.004596300015691668,0.0008975999953690916,0.0015291000017896295,0.017070600006263703
3,11,038_0008.png,38,Dangerous curve to the left,38,Dangerous curve to the left,True,Success,,True,True,0.002732699998887256,0.017084899998735636,0.005923600023379549,0.0007459999760612845,0.0014471000176854432,0.02793430001474917
3,12,042_0002_j.png,42,Slow down,42,Slow down,True,Success,,True,True,0.0018983000190928578,0.013523299974622205,0.00546710001071915,0.0007690000056754798,0.0013553999888245016,0.023013099998934194
3,13,046_0005_j.png,46,Watch for ZigZag Curve,46,Watch for ZigZag Curve,True,Success,,True,True,0.001996399980271235,0.012817200011340901,0.005495599994901568,0.0006910999945830554,0.0013592000177595764,0.022359499998856336
3,14,047_0002.png,47,Watch for Trains,47,Watch for Trains,True,Success,,True,True,0.0014150000060908496,0.00853989997995086,0.005536300013773143,0.0009860999998636544,0.0012676999904215336,0.01774499999010004
3,15,047_0005.png,47,Watch for Trains,47,Watch for Trains,True,Success,,True,True,0.004797300003701821,0.032245100010186434,0.0043335999944247305,0.0006708999862894416,0.0012281000090297312,0.04327500000363216
3,16,020_0002_j.png,20,Go straight or right,20,Go straight or right,True,Success,,True,True,0.0016035000153351575,0.011656799993943423,0.0037060999893583357,0.0006157000025268644,0.001291499997023493,0.018873599998187274
3,17,021_0004_j.png,21,Go straight,21,Go straight,True,Success,,True,True,0.0024190999974962324,0.016272900014882907,0.004070099996170029,0.0006271000020205975,0.0011879999947268516,0.024577200005296618
3,18,042_0016_j.png,42,Slow down,42,Slow down,True,Success,,True,True,0.0018816999800037593,0.009721100010210648,0.004115999996429309,0.0006250000151339918,0.0013054999872110784,0.017649299988988787
3,19,051_0005_j.png,51,Watch for Heavy Vehicle Accidents,51,Watch for Heavy Vehicle Accidents,True,Success,,True,True,0.00137339998036623,0.004534900013823062,0.004004899994470179,0.0006324999849312007,0.001212700008181855,0.011758399981772527
3,20,057_0003_j.png,57,Stop for check,57,Stop for check,True,Success,,True,True,0.001966499985428527,0.008276900014607236,0.004685699997935444,0.0006674999895039946,0.001335100008873269,0.01693169999634847
3,21,011_0029.png,11,Don't Go Left,11,Don't Go Left,True,Success,,True,True,0.0010035000159405172,0.004031899996334687,0.004081299994140863,0.0006190999993123114,0.0011715000146068633,0.010907300020335242
3,22,013_0013.png,13,Don't Go Right,13,Don't Go Right,True,Success,,True,True,0.0015226000105030835,0.006047699978807941,0.0040803000156302005,0.0006223999953363091,0.0013799000007566065,0.01365290000103414
3,23,021_0004.png,21,Go straight,21,Go straight,True,Success,,True,True,0.0018430000054650009,0.00952829999732785,0.0055235000036191195,0.0008619999862276018,0.0015361999976448715,0.019292999990284443
3,24,022_0005.png,22,Go Left,22,Go Left,True,Success,,True,True,0.001942700007930398,0.009678699978394434,0.005460200016386807,0.0010858000023290515,0.001495100004831329,0.01966250000987202
3,25,027_0010.png,27,Roundabout mandatory,27,Roundabout mandatory,True,Success,,True,True,0.0014786999963689595,0.009445000003324822,0.003637200017692521,0.0005831999878864735,0.0011676999856717885,0.016311799990944564
3,26,027_0012.png,27,Roundabout mandatory,27,Roundabout mandatory,True,Success,,True,True,0.0010676000092644244,0.005200599989620969,0.005106800002977252,0.0008449000015389174,0.0015792000049259514,0.013799100008327514
3,27,028_0202.png,28,watch out for cars,28,watch out for cars,True,Success,,True,True,0.0018774999771267176,0.009404600015841424,0.005526199995074421,0.0008087999885901809,0.0013699000119231641,0.018986999988555908
3,28,037_0019.png,37,Watch for Children crossing,37,Watch for Children crossing,True,Success,,True,True,0.0020253999973647296,0.009680299990577623,0.005898100003832951,0.0007470000127796084,0.001591499982168898,0.01994229998672381
3,29,037_0021.png,37,Watch for Children crossing,37,Watch for Children crossing,True,Success,,True,True,0.001741599990054965,0.006863999995402992,0.005121800000779331,0.0007793000258971006,0.0012854999804403633,0.01579219999257475
3,30,040_0011.png,40,Watch for down steep slope,40,Watch for down steep slope,True,Success,,True,True,0.0016173000039998442,0.013952800014521927,0.00416479998966679,0.0006309000018518418,0.0011971000058110803,0.021562900015851483
3,31,048_0004.png,48,Watch for Construction site,48,Watch for Construction site,True,Success,,True,True,0.002513000014005229,0.016197899996768683,0.00447300000814721,0.0006485999911092222,0.001264999998966232,0.025097500008996576
3,32,000_1_0002.png,0,Speed limit five kilometers per hour,0,Speed limit five kilometers per hour,True,Success,,True,True,0.002063699997961521,0.012677099992288277,0.00427149998722598,0.0005887000006623566,0.0010799000156112015,0.020680899993749335
3,33,000_1_0013.png,0,Speed limit five kilometers per hour,0,Speed limit five kilometers per hour,True,Success,,True,True,0.0019447999948170036,0.010407699999632314,0.004170400003204122,0.0006354000070132315,0.0012088000075891614,0.018367100012255833
3,34,000_1_0018.png,0,Speed limit five kilometers per hour,0,Speed limit five kilometers per hour,True,Success,,True,True,0.0031577000045217574,0.01728149998234585,0.004456399998161942,0.00048630000674165785,0.0008391000155825168,0.026221000007353723
3,35,000_1_0034.png,0,Speed limit five kilometers per hour,0,Speed limit five kilometers per hour,True,Success,,True,True,0.0006359000108204782,0.003482100000837818,0.003970099991420284,0.0007299999997485429,0.0011470000026747584,0.009965100005501881
3,36,001_1_0009.png,1,Speed limit fifteen kilometers per hour,1,Speed limit fifteen kilometers per hour,True,Success,,True,True,0.0019116000039502978,0.01444859997718595,0.005692200007615611,0.0008382000087294728,0.001430500007700175,0.024321100005181506
3,37,002_1_0010.png,2,Speed limit thirty kilometers per hour,2,Speed limit thirty kilometers per hour,True,Success,,True,True,0.001295800000661984,0.0065531000145711005,0.005549499997869134,0.0012258999922778457,0.0013435000146273524,0.015967800020007417
3,38,003_1_0034.png,3,Speed limit fourty kilometers per hour,3,Speed limit fourty kilometers per hour,True,Success,,True,True,0.0010915999882854521,0.004945699998643249,0.005377199995564297,0.0006972000119276345,0.0013196000072639436,0.013431300001684576
3,39,004_1_0020.png,4,Speed limit fifty kilometers per hour,4,Speed limit fifty kilometers per hour,True,Success,,True,True,0.0012330000172369182,0.0059815999993588775,0.0055256999912671745,0.0007908999978099018,0.001336000015726313,0.014867200021399185
3,40,005_1_0027.png,5,Speed limit sixty kilometers per hour,5,Speed limit sixty kilometers per hour,True,Success,,True,True,0.0026944000273942947,0.016418999992311,0.005043999990448356,0.0008272000122815371,0.001361000002361834,0.026345600024797022
3,41,007_1_0006.png,7,Speed limit eighty kilometers per hour,7,Speed limit eighty kilometers per hour,True,Success,,True,True,0.001620500028366223,0.012102399981813505,0.0046107000089250505,0.0007881000055931509,0.0012366999872028828,0.020358400011900812
3,42,012_1_0015.png,12,Don't Go Left or Right,12,Don't Go Left or Right,True,Success,,True,True,0.0016618000227026641,0.007629199972143397,0.004620000021532178,0.000678699987474829,0.0012162000057287514,0.01580590000958182
3,43,014_1_0028.png,14,Don't overtake from Left,14,Don't overtake from Left,True,Success,,True,True,0.0015505999908782542,0.007215999998152256,0.004154199996264651,0.0006523000192828476,0.001229399989824742,0.014802499994402751
3,44,015_1_0001.png,15,No U-turn,15,No U-turn,True,Success,,True,True,0.0015883000160101801,0.01097430000663735,0.0039443999994546175,0.000598999991780147,0.0012011000071652234,0.018307100021047518
3,45,016_1_0014.png,16,No Car,16,No Car,True,Success,,True,True,0.0019139999931212515,0.008024899987503886,0.00410109999938868,0.0006203000084497035,0.001262200006749481,0.015922499995213002
3,46,017_1_0017.png,17,No horn,17,No horn,True,Success,,True,True,0.0015253000019583851,0.008620900014648214,0.00399739999556914,0.00060299999313429,0.001188099995488301,0.01593470000079833
3,47,023_1_0003.png,23,Go Left or right,23,Go Left or right,True,Success,,True,True,0.0009450999787077308,0.004758600000059232,0.0037816000112798065,0.0006199000054039061,0.0010946000111289322,0.011199800006579608
3,48,023_1_0004.png,23,Go Left or right,23,Go Left or right,True,Success,,True,True,0.0006332999910227954,0.004986100015230477,0.003872399975080043,0.0005360000068321824,0.0011048000014852732,0.011132599989650771
3,49,024_1_0016.png,24,Go Right,24,Go Right,True,Success,,True,True,0.004462900018552318,0.025592599995434284,0.004756300011649728,0.0006297999934758991,0.001036100002238527,0.036477700021350756
3,50,024_1_0017.png,24,Go Right,24,Go Right,True,Success,,True,True,0.0043100000184495,0.036308799986727536,0.005278800002997741,0.0005639999872073531,0.001164900022558868,0.047626500017941
3,51,026_1_0016.png,26,keep Right,26,keep Right,True,Success,,True,True,0.00242390000494197,0.009893000009469688,0.004603500012308359,0.0007566999993287027,0.001438299979781732,0.019115400005830452
3,52,028_1_0007.png,28,watch out for cars,28,watch out for cars,True,Success,,True,True,0.002305499976500869,0.017925000021932647,0.003770799987250939,0.0007222999993246049,0.000994000001810491,0.02571759998681955
3,53,030_1_0002.png,30,Non-motor vehicle allowed,30,Non-motor vehicle allowed,True,Success,,True,True,0.004472500004339963,0.025401599996257573,0.006129200017312542,0.0007183999987319112,0.0014639000000897795,0.03818560001673177
3,54,030_1_0023.png,30,Non-motor vehicle allowed,30,Non-motor vehicle allowed,True,Success,,True,True,0.0009888999920804054,0.008205899997847155,0.003763399989111349,0.0007175000209826976,0.0012736999779008329,0.01494939997792244
3,55,032_1_0001_1_j.png,32,Watch for Road Divider,32,Watch for Road Divider,True,Success,,True,True,0.0031664000125601888,0.01212549998308532,0.0038758000009693205,0.0007072000007610768,0.0012308000004850328,0.02110569999786094
3,56,032_1_0002_1_j.png,32,Watch for Road Divider,32,Watch for Road Divider,True,Success,,True,True,0.0020105000003241003,0.01358930001151748,0.004114200011827052,0.0006243999814614654,0.0012382999993860722,0.02157670000451617
3,57,033_1_0001.png,33,Watch for Traffic signals,33,Watch for Traffic signals,True,Success,,True,True,0.002004500012844801,0.008494799985783175,0.0036946999898646027,0.0005804999964311719,0.0010646000155247748,0.015839100000448525
3,58,034_1_0002.png,34,Danger Ahead,34,Danger Ahead,True,Success,,True,True,0.001364700001431629,0.00568790000397712,0.0038838000036776066,0.0006004000024404377,0.0013341999729163945,0.012870999984443188
3,59,034_1_0003_1_j.png,34,Danger Ahead,34,Danger Ahead,True,Success,,True,True,0.0017608999914955348,0.006968400004552677,0.0034451000101398677,0.0009482000023126602,0.001243599981535226,0.014366199990035966
3,60,035_1_0002.png,35,Watch for Zebra Crossing,35,Watch for Zebra Crossing,True,Success,,True,True,0.0014224000042304397,0.008656499994685873,0.0037785999884363264,0.0005756000173278153,0.0011753999860957265,0.015608499990776181
3,61,035_1_0003.png,35,Watch for Zebra Crossing,35,Watch for Zebra Crossing,True,Success,,True,True,0.0015361999976448715,0.00531750000664033,0.004789200000232086,0.0006113999988883734,0.0012885999749414623,0.013542899978347123
3,62,035_1_0004.png,35,Watch for Zebra Crossing,35,Watch for Zebra Crossing,True,Success,,True,True,0.002334699995117262,0.009378300019307062,0.0056905999954324216,0.0007196999795269221,0.0017995000234805048,0.019922800012864172
3,63,037_1_0009.png,37,Watch for Children crossing,37,Watch for Children crossing,True,Success,,True,True,0.0025458000018261373,0.014014299988048151,0.005478400009451434,0.0006895999831613153,0.0010069000127259642,0.023734999995213002
3,64,043_1_0021.png,43,Go right or straight,43,Go right or straight,True,Success,,True,True,0.0027470999921206385,0.02286420000018552,0.0055939000158105046,0.0011709999816957861,0.0012141000188421458,0.033590300008654594
3,65,045_1_0004.png,45,Near the village,45,Near the village,True,Success,,True,True,0.001939000008860603,0.013571299990871921,0.006428200023947284,0.0007277999829966575,0.001444099994841963,0.02411040000151843
3,66,045_1_0009.png,45,Near the village,45,Near the village,True,Success,,True,True,0.001848500018240884,0.013941499986685812,0.0058988000091630965,0.0006122000049799681,0.0012347000010777265,0.023535700020147488
3,67,047_1_0003.png,47,Watch for Trains,47,Watch for Trains,True,Success,,True,True,0.0016670999757479876,0.007841100014047697,0.004041400010464713,0.0006661999796051532,0.0015759000089019537,0.015791699988767505
3,68,049_1_0010.png,49,Watch for consecutive turnings,49,Watch for consecutive turnings,True,Success,,True,True,0.0015107000072021037,0.006383500003721565,0.004207599995424971,0.00044929998693987727,0.0011732999992091209,0.013724399992497638
3,69,050_1_0003.png,50,Watch for fences,50,Watch for fences,True,Success,,True,True,0.003253200004110113,0.024004000006243587,0.003674100007629022,0.0006361999840009958,0.0011495000217109919,0.03271700002369471
3,70,055_1_0031.png,55,No entry,55,No entry,True,Success,,True,True,0.001983099995413795,0.009293799987062812,0.004178900009719655,0.000610699993558228,0.0011439000081736594,0.01721039999392815
3,71,056_1_0010.png,56,Slow down to yield,56,Slow down to yield,True,Success,,True,True,0.003024700010428205,0.017749199992977083,0.003963900002418086,0.0005139000131748617,0.0008880999812390655,0.0261398000002373
3,72,008_1_0008_1_j.png,8,Don't Go straight or left,8,Don't Go straight or left,True,Success,,True,True,0.0016972000012174249,0.0056041000061668456,0.0056776999845169485,0.0008329999982379377,0.00132610002765432,0.015138100017793477
3,73,023_1_0002_1_j.png,23,Go Left or right,23,Go Left or right,True,Success,,True,True,0.0020346999808680266,0.013273499993374571,0.0057394000177737325,0.000769499980378896,0.001244000013684854,0.02306109998608008
3,74,030_1_0018_1_j.png,30,Non-motor vehicle allowed,30,Non-motor vehicle allowed,True,Success,,True,True,0.002349600021261722,0.012979599996469915,0.005962299997918308,0.0006594999867957085,0.0013273000076878816,0.023278300010133535
3,75,052_1_0008_1_j.png,52,Stop to yield,52,Stop to yield,True,Success,,True,True,0.0026295999996364117,0.01912019998417236,0.005331099993782118,0.0006041000015102327,0.001591400010511279,0.0292763999896124
3,76,010_1_0013.png,10,Don't Go straight,10,Don't Go straight,True,Success,,True,True,0.0019874999998137355,0.007897600007709116,0.005665200005751103,0.0012453999952413142,0.0014429999864660203,0.01823869999498129
3,77,011_1_0019.png,11,Don't Go Left,11,Don't Go Left,True,Success,,True,True,0.0034389000211376697,0.01935399998910725,0.004215499997371808,0.0006167000101413578,0.0011838999926112592,0.028809000010369346
3,78,023_1_0005.png,23,Go Left or right,23,Go Left or right,True,Success,,True,True,0.0021985000057611614,0.01144540001405403,0.00391729999682866,0.0008125999884214252,0.0012226999970152974,0.019596500002080575
3,79,028_1_0216.png,28,watch out for cars,28,watch out for cars,True,Success,,True,True,0.002689399989321828,0.014331200014567003,0.004185300000244752,0.0005880999960936606,0.0011350999993737787,0.02292909999960102
3,80,029_1_0015.png,29,Horn,29,Horn,True,Success,,True,True,0.0022637000074610114,0.010856000008061528,0.004028800001833588,0.0005959999980404973,0.0011106999882031232,0.018855200003599748
3,81,031_1_0020.png,31,Uturn allowed,31,Uturn allowed,True,Success,,True,True,0.004965700005413964,0.028189900011057034,0.004595100006554276,0.0005841999955009669,0.0012239999778103083,0.03955889999633655
3,82,036_1_0014.png,36,Watch for non-motor vehicle,36,Watch for non-motor vehicle,True,Success,,True,True,0.0029922000248916447,0.015513699996517971,0.004502700001467019,0.0006788999889977276,0.0013183999981265515,0.025005900010000914
3,83,036_1_0016.png,36,Watch for non-motor vehicle,36,Watch for non-motor vehicle,True,Success,,True,True,0.001891099993372336,0.011398200003895909,0.0048254000139422715,0.001068499987013638,0.0015109000087250024,0.020694100006949157
3,84,036_1_0019.png,36,Watch for non-motor vehicle,36,Watch for non-motor vehicle,True,Success,,True,True,0.001196700002765283,0.005519899976206943,0.005270000023301691,0.0005701999762095511,0.001247400010470301,0.01380419998895377
